Model,makespan,throughput,avg_abs_start_dev,avg_duration_diff,levenshtein_seq,leven_a3_0_seq,toolchange_perc,seed,instance,priority_rule
TruthContinousSmallLogCopyModel_2000,19677.0,37.1,0.1,4.52,1300.0,1950,53.01,83,2000,fcfs
TruthContinousSmallLogCopyModel,0.0,0.0,0.0,4.52,0.0,0,59.143,83,2000,fcfs
CausalContinousSmallLogCopyModel,5.0,2.7,8.6,4.52,5.667,17,56.477,83,2000,fcfs
AverageOperationModel,-3.0,-8.5,10.4,4.52,6.0,18,57.81,83,2000,fcfs
LogNormalDistributionModel,13.0,-9.3,18.7,4.52,5.0,15,57.81,83,2000,fcfs
NormalDistributionModel,3.0,0.8,15.6,4.52,9.333,28,55.143,83,2000,fcfs
HistoDistributionModel,33.0,-6.2,26.7,4.52,9.667,29,57.81,83,2000,fcfs
TruthContinousSmallLogCopyModel_2000,19452.0,19.7,0.7,4.66,1300.0,1950,53.687,79,2000,fcfs
TruthContinousSmallLogCopyModel,0.0,0.0,0.0,4.66,0.0,0,51.423,79,2000,fcfs
CausalContinousSmallLogCopyModel,-1.0,-1.8,9.4,4.66,3.0,9,53.423,79,2000,fcfs
AverageOperationModel,-3.0,-1.3,13.6,4.66,8.667,26,53.423,79,2000,fcfs
LogNormalDistributionModel,12.0,4.7,32.0,4.66,8.0,24,50.09,79,2000,fcfs
NormalDistributionModel,16.0,-2.2,24.8,4.66,8.667,26,48.09,79,2000,fcfs
HistoDistributionModel,-21.0,0.7,19.2,4.66,5.333,16,47.423,79,2000,fcfs
TruthContinousSmallLogCopyModel_2000,19398.0,2.0,0.4,4.49,1300.0,1950,53.07,108,2000,fcfs
TruthContinousSmallLogCopyModel,0.0,0.0,0.0,4.49,0.0,0,48.5,108,2000,fcfs
CausalContinousSmallLogCopyModel,-16.0,-6.9,10.1,4.49,4.667,14,47.167,108,2000,fcfs
AverageOperationModel,-2.0,4.1,10.6,4.49,7.333,22,45.833,108,2000,fcfs
LogNormalDistributionModel,-25.0,-3.1,25.3,4.49,8.333,25,47.167,108,2000,fcfs
NormalDistributionModel,-9.0,-5.1,23.9,4.49,9.333,28,49.833,108,2000,fcfs
HistoDistributionModel,-23.0,11.4,19.2,4.49,7.667,23,47.167,108,2000,fcfs
TruthContinousSmallLogCopyModel_2000,19649.0,8.1,0.0,4.46,1300.0,1950,51.767,85,2000,fcfs
TruthContinousSmallLogCopyModel,0.0,0.0,0.0,4.46,0.0,0,53.333,85,2000,fcfs
CausalContinousSmallLogCopyModel,7.0,5.2,10.4,4.46,8.667,26,54.0,85,2000,fcfs
AverageOperationModel,0.0,-2.4,10.2,4.46,7.333,22,54.667,85,2000,fcfs
LogNormalDistributionModel,5.0,15.4,19.5,4.46,7.667,23,54.0,85,2000,fcfs
NormalDistributionModel,-3.0,2.3,11.7,4.46,8.0,24,50.0,85,2000,fcfs
HistoDistributionModel,77.0,17.2,24.4,4.46,11.333,34,54.0,85,2000,fcfs
TruthContinousSmallLogCopyModel_2000,19798.0,6.0,2.5,4.47,1300.0,1950,53.507,92,2000,fcfs
TruthContinousSmallLogCopyModel,0.0,0.0,0.0,4.47,0.0,0,51.293,92,2000,fcfs
CausalContinousSmallLogCopyModel,-14.0,5.9,10.1,4.47,6.0,18,49.96,92,2000,fcfs
AverageOperationModel,1.0,-3.4,8.4,4.47,5.0,15,48.627,92,2000,fcfs
LogNormalDistributionModel,-12.0,5.2,11.3,4.47,4.667,14,53.96,92,2000,fcfs
NormalDistributionModel,44.0,-5.3,26.5,4.47,8.667,26,49.96,92,2000,fcfs
HistoDistributionModel,23.0,-3.2,16.8,4.47,7.667,23,48.627,92,2000,fcfs
TruthContinousSmallLogCopyModel_2000,19798.0,33.6,0.2,4.4,1300.0,1950,51.733,107,2000,fcfs
TruthContinousSmallLogCopyModel,0.0,0.0,0.0,4.4,0.0,0,47.857,107,2000,fcfs
CausalContinousSmallLogCopyModel,19.0,2.4,11.6,4.4,8.0,24,46.523,107,2000,fcfs
AverageOperationModel,-8.0,-7.3,13.0,4.4,5.667,17,42.523,107,2000,fcfs
LogNormalDistributionModel,37.0,-1.6,27.9,4.4,10.0,30,46.523,107,2000,fcfs
NormalDistributionModel,-22.0,-5.5,11.8,4.4,9.0,27,45.19,107,2000,fcfs
HistoDistributionModel,-24.0,-0.3,20.6,4.4,10.333,31,46.523,107,2000,fcfs
TruthContinousSmallLogCopyModel_2000,19569.0,16.5,0.9,4.98,1300.0,1950,52.607,87,2000,fcfs
TruthContinousSmallLogCopyModel,0.0,0.0,0.0,4.98,0.0,0,52.32,87,2000,fcfs
CausalContinousSmallLogCopyModel,-10.0,4.9,8.7,4.98,6.0,18,52.32,87,2000,fcfs
AverageOperationModel,-6.0,-5.1,9.8,4.98,5.0,15,48.32,87,2000,fcfs
LogNormalDistributionModel,16.0,21.7,15.2,4.98,8.0,24,49.653,87,2000,fcfs
NormalDistributionModel,-16.0,-2.3,12.5,4.98,8.0,24,48.32,87,2000,fcfs
HistoDistributionModel,91.0,-2.0,27.8,4.98,8.667,26,46.987,87,2000,fcfs
TruthContinousSmallLogCopyModel_2000,19766.0,9.5,0.9,4.54,1300.0,1950,53.177,86,2000,fcfs
TruthContinousSmallLogCopyModel,0.0,0.0,0.0,4.54,0.0,0,46.247,86,2000,fcfs
CausalContinousSmallLogCopyModel,-4.0,-1.1,4.6,4.54,4.333,13,46.247,86,2000,fcfs
AverageOperationModel,7.0,-4.5,7.5,4.54,5.667,17,42.247,86,2000,fcfs
LogNormalDistributionModel,-14.0,3.1,13.2,4.54,8.0,24,40.913,86,2000,fcfs
NormalDistributionModel,-61.0,7.4,19.1,4.54,7.333,22,40.913,86,2000,fcfs
HistoDistributionModel,-1.0,-0.8,13.2,4.54,6.333,19,40.913,86,2000,fcfs
TruthContinousSmallLogCopyModel_2000,19632.0,4.4,0.3,4.39,1300.0,1950,51.863,81,2000,fcfs
TruthContinousSmallLogCopyModel,0.0,0.0,0.0,4.39,0.0,0,44.793,81,2000,fcfs
CausalContinousSmallLogCopyModel,-2.0,1.2,10.0,4.39,7.0,21,46.127,81,2000,fcfs
AverageOperationModel,-4.0,-7.2,8.0,4.39,3.333,10,42.127,81,2000,fcfs
LogNormalDistributionModel,51.0,-2.4,22.6,4.39,9.667,29,43.46,81,2000,fcfs
NormalDistributionModel,19.0,-1.9,21.9,4.39,5.0,15,39.46,81,2000,fcfs
HistoDistributionModel,22.0,-4.5,26.4,4.39,8.333,25,44.793,81,2000,fcfs
TruthContinousSmallLogCopyModel_2000,19697.0,19.3,1.2,4.65,1300.0,1950,51.19,84,2000,fcfs
TruthContinousSmallLogCopyModel,0.0,0.0,0.0,4.65,0.0,0,47.087,84,2000,fcfs
CausalContinousSmallLogCopyModel,-9.0,2.0,6.9,4.65,5.0,15,46.42,84,2000,fcfs
AverageOperationModel,-2.0,0.9,12.0,4.65,7.667,23,45.087,84,2000,fcfs
LogNormalDistributionModel,23.0,1.9,24.6,4.65,8.667,26,33.753,84,2000,fcfs
NormalDistributionModel,54.0,3.0,25.3,4.65,6.0,18,42.42,84,2000,fcfs
HistoDistributionModel,15.0,0.9,14.9,4.65,6.0,18,42.42,84,2000,fcfs
TruthContinousSmallLogCopyModel_2000,19860.0,17.8,0.4,4.38,1300.0,1950,52.993,82,2000,fcfs
TruthContinousSmallLogCopyModel,0.0,0.0,0.0,4.38,0.0,0,44.75,82,2000,fcfs
CausalContinousSmallLogCopyModel,-7.0,1.5,8.6,4.38,7.0,21,44.083,82,2000,fcfs
AverageOperationModel,6.0,-1.5,14.6,4.38,8.667,26,41.417,82,2000,fcfs
LogNormalDistributionModel,27.0,8.9,15.0,4.38,5.0,15,42.083,82,2000,fcfs
NormalDistributionModel,-5.0,4.7,22.6,4.38,9.333,28,42.75,82,2000,fcfs
HistoDistributionModel,5.0,3.1,13.1,4.38,7.0,21,40.75,82,2000,fcfs
TruthContinousSmallLogCopyModel_2000,19626.0,11.2,3.6,4.37,1300.0,1950,52.94,96,2000,fcfs
TruthContinousSmallLogCopyModel,0.0,0.0,0.0,4.37,0.0,0,65.203,96,2000,fcfs
CausalContinousSmallLogCopyModel,-5.0,1.2,5.8,4.37,5.0,15,61.203,96,2000,fcfs
AverageOperationModel,4.0,-4.0,11.2,4.37,5.333,16,59.203,96,2000,fcfs
LogNormalDistributionModel,11.0,-0.5,11.1,4.37,4.0,12,61.87,96,2000,fcfs
NormalDistributionModel,21.0,-0.6,12.8,4.37,6.0,18,60.537,96,2000,fcfs
HistoDistributionModel,-20.0,-0.3,24.0,4.37,7.333,22,59.203,96,2000,fcfs
TruthContinousSmallLogCopyModel_2000,19478.0,20.2,2.9,4.58,1300.0,1950,53.407,77,2000,fcfs
TruthContinousSmallLogCopyModel,0.0,0.0,0.0,4.58,0.0,0,57.437,77,2000,fcfs
CausalContinousSmallLogCopyModel,-2.0,0.2,15.0,4.58,7.667,23,58.77,77,2000,fcfs
AverageOperationModel,1.0,-3.2,10.4,4.58,7.0,21,54.77,77,2000,fcfs
LogNormalDistributionModel,47.0,-1.0,32.5,4.58,5.333,16,56.103,77,2000,fcfs
NormalDistributionModel,15.0,3.8,14.0,4.58,5.667,17,57.437,77,2000,fcfs
HistoDistributionModel,-60.0,1.0,31.9,4.58,10.333,31,56.103,77,2000,fcfs
TruthContinousSmallLogCopyModel_2000,19668.0,22.7,0.6,4.67,1300.0,1950,53.13,90,2000,fcfs
TruthContinousSmallLogCopyModel,0.0,0.0,0.0,4.67,0.0,0,52.32,90,2000,fcfs
CausalContinousSmallLogCopyModel,-22.0,10.7,9.7,4.67,6.333,19,48.987,90,2000,fcfs
AverageOperationModel,3.0,-1.7,9.4,4.67,7.0,21,50.32,90,2000,fcfs
LogNormalDistributionModel,43.0,1.7,14.4,4.67,8.333,25,50.32,90,2000,fcfs
NormalDistributionModel,-59.0,23.4,27.6,4.67,10.333,31,46.32,90,2000,fcfs
HistoDistributionModel,-29.0,24.3,17.3,4.67,8.333,25,48.32,90,2000,fcfs
TruthContinousSmallLogCopyModel_2000,19737.0,21.0,0.0,4.44,1300.0,1950,51.333,106,2000,fcfs
TruthContinousSmallLogCopyModel,0.0,0.0,0.0,4.44,0.0,0,35.333,106,2000,fcfs
CausalContinousSmallLogCopyModel,5.0,-6.1,6.5,4.44,7.333,22,41.333,106,2000,fcfs
AverageOperationModel,8.0,-3.4,14.3,4.44,8.0,24,35.333,106,2000,fcfs
LogNormalDistributionModel,18.0,1.1,19.3,4.44,9.667,29,34.0,106,2000,fcfs
NormalDistributionModel,27.0,2.6,24.7,4.44,9.667,29,38.667,106,2000,fcfs
HistoDistributionModel,-6.0,-0.4,23.3,4.44,10.0,30,35.333,106,2000,fcfs
TruthContinousSmallLogCopyModel_2000,19850.0,7.1,1.7,4.8,1300.0,1950,52.773,99,2000,fcfs
TruthContinousSmallLogCopyModel,0.0,0.0,0.0,4.8,0.0,0,51.387,99,2000,fcfs
CausalContinousSmallLogCopyModel,-6.0,0.8,12.5,4.8,8.0,24,51.387,99,2000,fcfs
AverageOperationModel,7.0,-2.5,9.3,4.8,4.0,12,50.72,99,2000,fcfs
LogNormalDistributionModel,-13.0,-12.4,14.4,4.8,8.333,25,54.053,99,2000,fcfs
NormalDistributionModel,47.0,0.3,26.7,4.8,8.333,25,52.053,99,2000,fcfs
HistoDistributionModel,37.0,-3.3,20.2,4.8,8.333,25,50.053,99,2000,fcfs
TruthContinousSmallLogCopyModel_2000,19695.0,18.5,0.2,4.36,1300.0,1950,51.39,101,2000,fcfs
TruthContinousSmallLogCopyModel,0.0,0.0,0.0,4.36,0.0,0,47.66,101,2000,fcfs
CausalContinousSmallLogCopyModel,-5.0,-2.1,11.0,4.36,7.333,22,50.993,101,2000,fcfs
AverageOperationModel,-5.0,-1.7,8.2,4.36,5.0,15,46.327,101,2000,fcfs
LogNormalDistributionModel,1.0,3.4,17.1,4.36,7.0,21,44.993,101,2000,fcfs
NormalDistributionModel,19.0,-1.7,18.1,4.36,9.667,29,44.327,101,2000,fcfs
HistoDistributionModel,3.0,1.9,12.4,4.36,6.667,20,43.66,101,2000,fcfs
TruthContinousSmallLogCopyModel_2000,19976.0,28.1,0.0,5.07,1300.0,1950,51.477,89,2000,fcfs
TruthContinousSmallLogCopyModel,0.0,0.0,0.0,5.07,0.0,0,58.257,89,2000,fcfs
CausalContinousSmallLogCopyModel,30.0,0.0,11.0,5.07,0.667,2,58.257,89,2000,fcfs
AverageOperationModel,8.0,-4.0,14.3,5.07,9.667,29,54.257,89,2000,fcfs
LogNormalDistributionModel,22.0,2.4,31.2,5.07,8.333,25,54.257,89,2000,fcfs
NormalDistributionModel,67.0,-1.2,36.2,5.07,8.0,24,52.923,89,2000,fcfs
HistoDistributionModel,11.0,1.9,10.6,5.07,9.333,28,54.257,89,2000,fcfs
TruthContinousSmallLogCopyModel_2000,19748.0,31.4,3.3,4.87,1300.0,1950,51.213,95,2000,fcfs
TruthContinousSmallLogCopyModel,0.0,0.0,0.0,4.87,0.0,0,48.737,95,2000,fcfs
CausalContinousSmallLogCopyModel,-32.0,-0.9,9.5,4.87,4.0,12,48.07,95,2000,fcfs
AverageOperationModel,1.0,-1.6,7.6,4.87,4.0,12,48.07,95,2000,fcfs
LogNormalDistributionModel,74.0,3.1,19.6,4.87,6.667,20,49.403,95,2000,fcfs
NormalDistributionModel,-34.0,-0.9,11.4,4.87,4.667,14,48.737,95,2000,fcfs
HistoDistributionModel,-59.0,-2.2,26.9,4.87,6.667,20,44.07,95,2000,fcfs
TruthContinousSmallLogCopyModel_2000,19606.0,10.9,1.8,4.51,1300.0,1950,52.95,105,2000,fcfs
TruthContinousSmallLogCopyModel,0.0,0.0,0.0,4.51,0.0,0,41.56,105,2000,fcfs
CausalContinousSmallLogCopyModel,-11.0,1.2,5.8,4.51,2.333,7,38.893,105,2000,fcfs
AverageOperationModel,-5.0,-2.6,8.0,4.51,3.667,11,37.56,105,2000,fcfs
LogNormalDistributionModel,-5.0,2.6,11.9,4.51,6.0,18,38.893,105,2000,fcfs
NormalDistributionModel,-26.0,3.7,18.1,4.51,6.667,20,38.893,105,2000,fcfs
HistoDistributionModel,74.0,1.6,39.7,4.51,3.333,10,38.893,105,2000,fcfs
TruthContinousSmallLogCopyModel_2000,19936.0,4.4,0.7,4.4,1300.0,1950,51.717,88,2000,fcfs
TruthContinousSmallLogCopyModel,0.0,0.0,0.0,4.4,0.0,0,44.667,88,2000,fcfs
CausalContinousSmallLogCopyModel,-5.0,-1.0,9.6,4.4,6.333,19,44.0,88,2000,fcfs
AverageOperationModel,8.0,-7.1,15.1,4.4,6.0,18,45.333,88,2000,fcfs
LogNormalDistributionModel,43.0,8.8,27.4,4.4,9.333,28,46.0,88,2000,fcfs
NormalDistributionModel,35.0,-5.1,11.8,4.4,5.667,17,43.333,88,2000,fcfs
HistoDistributionModel,4.0,-4.8,22.7,4.4,4.667,14,42.667,88,2000,fcfs
TruthContinousSmallLogCopyModel_2000,19930.0,14.6,1.4,4.9,1300.0,1950,51.877,91,2000,fcfs
TruthContinousSmallLogCopyModel,0.0,0.0,0.0,4.9,0.0,0,48.777,91,2000,fcfs
CausalContinousSmallLogCopyModel,-11.0,1.3,8.2,4.9,5.667,17,48.777,91,2000,fcfs
AverageOperationModel,-11.0,-5.8,12.3,4.9,5.667,17,47.443,91,2000,fcfs
LogNormalDistributionModel,-14.0,-8.8,16.4,4.9,7.667,23,48.777,91,2000,fcfs
NormalDistributionModel,-12.0,-8.0,12.7,4.9,6.667,20,50.11,91,2000,fcfs
HistoDistributionModel,28.0,-8.9,25.2,4.9,5.667,17,47.443,91,2000,fcfs
TruthContinousSmallLogCopyModel_2000,19913.0,14.4,0.2,4.56,1300.0,1950,52.627,93,2000,fcfs
TruthContinousSmallLogCopyModel,0.0,0.0,0.0,4.56,0.0,0,43.317,93,2000,fcfs
CausalContinousSmallLogCopyModel,22.0,1.3,10.5,4.56,7.333,22,41.983,93,2000,fcfs
AverageOperationModel,1.0,-1.8,8.0,4.56,6.333,19,39.983,93,2000,fcfs
LogNormalDistributionModel,-29.0,-0.2,16.9,4.56,8.667,26,38.65,93,2000,fcfs
NormalDistributionModel,35.0,0.6,13.8,4.56,6.333,19,39.317,93,2000,fcfs
HistoDistributionModel,-41.0,-0.5,16.2,4.56,6.0,18,39.983,93,2000,fcfs
TruthContinousSmallLogCopyModel_2000,19911.0,11.1,0.5,4.4,1300.0,1950,52.63,80,2000,fcfs
TruthContinousSmallLogCopyModel,0.0,0.0,0.0,4.4,0.0,0,44.507,80,2000,fcfs
CausalContinousSmallLogCopyModel,0.0,4.6,8.2,4.4,6.333,19,43.173,80,2000,fcfs
AverageOperationModel,0.0,0.2,15.1,4.4,7.333,22,40.507,80,2000,fcfs
LogNormalDistributionModel,-44.0,2.3,30.4,4.4,10.667,32,36.507,80,2000,fcfs
NormalDistributionModel,-9.0,4.8,20.2,4.4,9.0,27,41.84,80,2000,fcfs
HistoDistributionModel,-3.0,1.5,18.9,4.4,8.333,25,41.84,80,2000,fcfs
TruthContinousSmallLogCopyModel_2000,20673.0,0.5,0.1,4.51,1300.0,1950,52.753,94,2000,fcfs
TruthContinousSmallLogCopyModel,0.0,0.0,0.0,4.51,0.0,0,57.71,94,2000,fcfs
CausalContinousSmallLogCopyModel,6.0,-7.5,8.7,4.51,6.667,20,59.043,94,2000,fcfs
AverageOperationModel,-6.0,-9.3,9.2,4.51,7.0,21,53.71,94,2000,fcfs
LogNormalDistributionModel,12.0,-7.3,13.7,4.51,8.333,25,57.71,94,2000,fcfs
NormalDistributionModel,19.0,2.4,20.0,4.51,9.667,29,57.71,94,2000,fcfs
HistoDistributionModel,-6.0,-3.7,13.5,4.51,8.667,26,55.043,94,2000,fcfs
TruthContinousSmallLogCopyModel_2000,19972.0,8.1,0.2,3.92,1300.0,1950,52.297,78,2000,fcfs
TruthContinousSmallLogCopyModel,0.0,0.0,0.0,3.92,0.0,0,48.667,78,2000,fcfs
CausalContinousSmallLogCopyModel,-10.0,-0.4,10.3,3.92,9.0,27,51.333,78,2000,fcfs
AverageOperationModel,3.0,-5.3,11.6,3.92,8.333,25,47.333,78,2000,fcfs
LogNormalDistributionModel,1.0,-3.4,12.4,3.92,9.0,27,48.667,78,2000,fcfs
NormalDistributionModel,-33.0,18.9,20.1,3.92,8.667,26,46.0,78,2000,fcfs
HistoDistributionModel,-16.0,-5.9,11.7,3.92,6.0,18,48.667,78,2000,fcfs
TruthContinousSmallLogCopyModel_2000,19889.0,10.5,0.5,4.71,1300.0,1950,51.083,103,2000,fcfs
TruthContinousSmallLogCopyModel,0.0,0.0,0.0,4.71,0.0,0,46.74,103,2000,fcfs
CausalContinousSmallLogCopyModel,-11.0,-5.2,5.0,4.71,4.0,12,48.74,103,2000,fcfs
AverageOperationModel,-10.0,-6.2,8.4,4.71,6.333,19,45.407,103,2000,fcfs
LogNormalDistributionModel,34.0,6.3,28.5,4.71,7.667,23,45.407,103,2000,fcfs
NormalDistributionModel,26.0,3.8,15.3,4.71,8.333,25,44.74,103,2000,fcfs
HistoDistributionModel,-21.0,-0.2,13.1,4.71,6.0,18,42.74,103,2000,fcfs
TruthContinousSmallLogCopyModel_2000,19963.0,12.7,0.6,4.7,1300.0,1950,51.207,98,2000,fcfs
TruthContinousSmallLogCopyModel,0.0,0.0,0.0,4.7,0.0,0,47.35,98,2000,fcfs
CausalContinousSmallLogCopyModel,-22.0,-4.3,12.2,4.7,8.333,25,55.35,98,2000,fcfs
AverageOperationModel,-2.0,2.7,10.4,4.7,6.667,20,44.683,98,2000,fcfs
LogNormalDistributionModel,88.0,6.4,44.3,4.7,9.333,28,48.683,98,2000,fcfs
NormalDistributionModel,-19.0,14.7,17.9,4.7,8.0,24,48.683,98,2000,fcfs
HistoDistributionModel,41.0,20.0,19.0,4.7,6.0,18,44.683,98,2000,fcfs
TruthContinousSmallLogCopyModel_2000,20071.0,4.0,0.1,4.48,1300.0,1950,52.843,104,2000,fcfs
TruthContinousSmallLogCopyModel,0.0,0.0,0.0,4.48,0.0,0,48.61,104,2000,fcfs
CausalContinousSmallLogCopyModel,14.0,-3.6,8.2,4.48,6.667,20,48.61,104,2000,fcfs
AverageOperationModel,12.0,-2.3,8.4,4.48,4.667,14,46.61,104,2000,fcfs
LogNormalDistributionModel,34.0,15.7,17.9,4.48,7.667,23,45.943,104,2000,fcfs
NormalDistributionModel,16.0,3.3,12.8,4.48,7.0,21,45.943,104,2000,fcfs
HistoDistributionModel,92.0,-11.8,33.4,4.48,9.667,29,44.61,104,2000,fcfs
TruthContinousSmallLogCopyModel_2000,20396.0,15.0,0.3,4.65,1300.0,1950,51.593,100,2000,fcfs
TruthContinousSmallLogCopyModel,0.0,0.0,0.0,4.65,0.0,0,54.777,100,2000,fcfs
CausalContinousSmallLogCopyModel,-13.0,1.7,5.4,4.65,4.0,12,54.777,100,2000,fcfs
AverageOperationModel,-1.0,-5.6,14.6,4.65,7.667,23,52.11,100,2000,fcfs
LogNormalDistributionModel,8.0,5.5,22.0,4.65,9.333,28,52.11,100,2000,fcfs
NormalDistributionModel,54.0,5.2,42.9,4.65,8.333,25,52.11,100,2000,fcfs
HistoDistributionModel,0.0,-4.8,30.0,4.65,10.667,32,51.443,100,2000,fcfs
TruthContinousSmallLogCopyModel_2000,20221.0,11.8,2.5,4.6,1300.0,1950,51.817,97,2000,fcfs
TruthContinousSmallLogCopyModel,0.0,0.0,0.0,4.6,0.0,0,51.66,97,2000,fcfs
CausalContinousSmallLogCopyModel,57.0,0.5,19.9,4.6,6.0,18,51.66,97,2000,fcfs
AverageOperationModel,-1.0,-3.1,6.8,4.6,4.0,12,47.66,97,2000,fcfs
LogNormalDistributionModel,48.0,-0.3,27.5,4.6,8.0,24,50.327,97,2000,fcfs
NormalDistributionModel,16.0,5.4,20.0,4.6,6.0,18,50.327,97,2000,fcfs
HistoDistributionModel,22.0,8.4,8.9,4.6,5.667,17,48.993,97,2000,fcfs
TruthContinousSmallLogCopyModel_2000,19849.0,5.3,3.9,4.67,1300.0,1950,51.787,102,2000,fcfs
TruthContinousSmallLogCopyModel,0.0,0.0,0.0,4.67,0.0,0,49.62,102,2000,fcfs
CausalContinousSmallLogCopyModel,-17.0,5.6,11.7,4.67,2.0,6,47.62,102,2000,fcfs
AverageOperationModel,-3.0,-4.5,20.3,4.67,4.0,12,46.953,102,2000,fcfs
LogNormalDistributionModel,-48.0,-3.5,21.4,4.67,6.667,20,49.62,102,2000,fcfs
NormalDistributionModel,3.0,-0.1,43.2,4.67,5.333,16,48.287,102,2000,fcfs
HistoDistributionModel,39.0,3.0,29.9,4.67,5.333,16,49.62,102,2000,fcfs
TruthContinousSmallLogCopyModel_2000,19709.0,27.7,0.4,4.79,1300.0,1950,52.633,119,2000,fcfs
TruthContinousSmallLogCopyModel,0.0,0.0,0.0,4.79,0.0,0,55.333,119,2000,fcfs
CausalContinousSmallLogCopyModel,3.0,1.1,9.4,4.79,3.667,11,55.333,119,2000,fcfs
AverageOperationModel,-8.0,-3.2,10.0,4.79,6.667,20,52.667,119,2000,fcfs
LogNormalDistributionModel,35.0,3.3,24.0,4.79,5.667,17,51.333,119,2000,fcfs
NormalDistributionModel,10.0,-1.6,10.5,4.79,6.333,19,50.0,119,2000,fcfs
HistoDistributionModel,-29.0,11.4,19.7,4.79,9.333,28,47.333,119,2000,fcfs
TruthContinousSmallLogCopyModel_2000,19554.0,11.1,0.4,4.42,1300.0,1950,52.433,114,2000,fcfs
TruthContinousSmallLogCopyModel,0.0,0.0,0.0,4.42,0.0,0,51.44,114,2000,fcfs
CausalContinousSmallLogCopyModel,-7.0,17.3,12.8,4.42,7.0,21,47.44,114,2000,fcfs
AverageOperationModel,-1.0,-3.1,8.5,4.42,7.333,22,50.107,114,2000,fcfs
LogNormalDistributionModel,-25.0,2.9,17.5,4.42,10.0,30,46.107,114,2000,fcfs
NormalDistributionModel,-40.0,-1.8,26.2,4.42,9.667,29,48.773,114,2000,fcfs
HistoDistributionModel,38.0,5.8,30.7,4.42,7.667,23,52.773,114,2000,fcfs
TruthContinousSmallLogCopyModel_2000,19766.0,10.8,1.6,4.8,1300.0,1950,51.8,118,2000,fcfs
TruthContinousSmallLogCopyModel,0.0,0.0,0.0,4.8,0.0,0,44.2,118,2000,fcfs
CausalContinousSmallLogCopyModel,-3.0,-1.1,5.4,4.8,6.333,19,44.2,118,2000,fcfs
AverageOperationModel,-4.0,-3.8,11.0,4.8,5.667,17,42.867,118,2000,fcfs
LogNormalDistributionModel,-24.0,9.4,24.1,4.8,8.0,24,41.533,118,2000,fcfs
NormalDistributionModel,-18.0,6.8,22.4,4.8,9.0,27,41.533,118,2000,fcfs
HistoDistributionModel,44.0,3.1,9.5,4.8,6.0,18,38.867,118,2000,fcfs
TruthContinousSmallLogCopyModel_2000,20491.0,9.9,0.8,4.1,1300.0,1950,50.763,109,2000,fcfs
TruthContinousSmallLogCopyModel,0.0,0.0,0.0,4.1,0.0,0,49.487,109,2000,fcfs
CausalContinousSmallLogCopyModel,24.0,-3.1,9.6,4.1,1.333,4,50.82,109,2000,fcfs
AverageOperationModel,10.0,-4.0,6.3,4.1,6.0,18,46.82,109,2000,fcfs
LogNormalDistributionModel,23.0,1.1,19.7,4.1,10.333,31,46.82,109,2000,fcfs
NormalDistributionModel,29.0,3.8,32.8,4.1,10.0,30,52.153,109,2000,fcfs
HistoDistributionModel,26.0,-0.4,20.2,4.1,5.333,16,50.82,109,2000,fcfs
TruthContinousSmallLogCopyModel_2000,19943.0,20.2,0.3,4.6,1300.0,1950,52.633,111,2000,fcfs
TruthContinousSmallLogCopyModel,0.0,0.0,0.0,4.6,0.0,0,54.717,111,2000,fcfs
CausalContinousSmallLogCopyModel,-14.0,-0.3,10.7,4.6,9.667,29,53.383,111,2000,fcfs
AverageOperationModel,-7.0,-2.6,14.7,4.6,7.0,21,49.383,111,2000,fcfs
LogNormalDistributionModel,-11.0,-1.6,29.2,4.6,10.333,31,48.05,111,2000,fcfs
NormalDistributionModel,18.0,1.4,25.3,4.6,9.333,28,48.05,111,2000,fcfs
HistoDistributionModel,11.0,-0.2,20.9,4.6,8.667,26,48.05,111,2000,fcfs
TruthContinousSmallLogCopyModel_2000,19483.0,9.4,0.2,4.46,1300.0,1950,54.173,120,2000,fcfs
TruthContinousSmallLogCopyModel,0.0,0.0,0.0,4.46,0.0,0,58.0,120,2000,fcfs
CausalContinousSmallLogCopyModel,-9.0,-1.0,7.6,4.46,4.333,13,56.0,120,2000,fcfs
AverageOperationModel,5.0,-4.8,6.7,4.46,5.667,17,50.667,120,2000,fcfs
LogNormalDistributionModel,11.0,-4.2,13.7,4.46,10.333,31,54.667,120,2000,fcfs
NormalDistributionModel,2.0,-1.4,15.7,4.46,10.0,30,50.667,120,2000,fcfs
HistoDistributionModel,12.0,2.1,10.5,4.46,7.333,22,48.0,120,2000,fcfs
TruthContinousSmallLogCopyModel_2000,20016.0,5.7,0.2,4.48,1300.0,1950,51.86,113,2000,fcfs
TruthContinousSmallLogCopyModel,0.0,0.0,0.0,4.48,0.0,0,54.93,113,2000,fcfs
CausalContinousSmallLogCopyModel,11.0,1.3,9.2,4.48,6.667,20,52.263,113,2000,fcfs
AverageOperationModel,2.0,-0.4,13.8,4.48,7.667,23,52.263,113,2000,fcfs
LogNormalDistributionModel,21.0,28.4,22.7,4.48,10.0,30,53.597,113,2000,fcfs
NormalDistributionModel,39.0,-6.1,20.3,4.48,9.0,27,56.263,113,2000,fcfs
HistoDistributionModel,5.0,18.6,31.5,4.48,10.333,31,50.93,113,2000,fcfs
TruthContinousSmallLogCopyModel_2000,19475.0,21.8,0.1,4.19,1300.0,1950,52.67,129,2000,fcfs
TruthContinousSmallLogCopyModel,0.0,0.0,0.0,4.19,0.0,0,59.237,129,2000,fcfs
CausalContinousSmallLogCopyModel,0.0,5.4,7.4,4.19,6.333,19,56.57,129,2000,fcfs
AverageOperationModel,-17.0,-3.3,8.6,4.19,4.667,14,55.903,129,2000,fcfs
LogNormalDistributionModel,-11.0,27.5,18.1,4.19,8.667,26,55.237,129,2000,fcfs
NormalDistributionModel,-1.0,19.5,17.9,4.19,7.667,23,53.903,129,2000,fcfs
HistoDistributionModel,-7.0,14.4,13.0,4.19,5.667,17,55.903,129,2000,fcfs
TruthContinousSmallLogCopyModel_2000,19725.0,11.3,0.1,4.23,1300.0,1950,51.333,127,2000,fcfs
TruthContinousSmallLogCopyModel,0.0,0.0,0.0,4.23,0.0,0,44.0,127,2000,fcfs
CausalContinousSmallLogCopyModel,-10.0,-8.7,8.8,4.23,7.0,21,44.0,127,2000,fcfs
AverageOperationModel,-8.0,-7.2,11.7,4.23,6.333,19,41.333,127,2000,fcfs
LogNormalDistributionModel,8.0,1.0,15.4,4.23,8.0,24,42.667,127,2000,fcfs
NormalDistributionModel,15.0,-7.2,12.3,4.23,8.0,24,41.333,127,2000,fcfs
HistoDistributionModel,9.0,9.6,19.7,4.23,10.0,30,42.667,127,2000,fcfs
TruthContinousSmallLogCopyModel_2000,20077.0,3.6,1.1,4.52,1300.0,1950,51.667,110,2000,fcfs
TruthContinousSmallLogCopyModel,0.0,0.0,0.0,4.52,0.0,0,36.753,110,2000,fcfs
CausalContinousSmallLogCopyModel,-15.0,-2.1,6.3,4.52,5.0,15,36.753,110,2000,fcfs
AverageOperationModel,-8.0,-4.1,10.3,4.52,1.667,5,36.753,110,2000,fcfs
LogNormalDistributionModel,20.0,2.7,45.8,4.52,8.0,24,38.087,110,2000,fcfs
NormalDistributionModel,-80.0,8.4,20.9,4.52,7.667,23,36.753,110,2000,fcfs
HistoDistributionModel,26.0,1.8,30.3,4.52,6.0,18,39.42,110,2000,fcfs
TruthContinousSmallLogCopyModel_2000,20188.0,9.6,0.1,4.29,1300.0,1950,52.97,112,2000,fcfs
TruthContinousSmallLogCopyModel,0.0,0.0,0.0,4.29,0.0,0,63.08,112,2000,fcfs
CausalContinousSmallLogCopyModel,11.0,1.1,13.8,4.29,8.333,25,61.747,112,2000,fcfs
AverageOperationModel,-27.0,3.7,11.6,4.29,5.667,17,61.747,112,2000,fcfs
LogNormalDistributionModel,-46.0,23.7,27.6,4.29,9.667,29,63.08,112,2000,fcfs
NormalDistributionModel,-5.0,9.0,11.5,4.29,4.333,13,60.413,112,2000,fcfs
HistoDistributionModel,-22.0,-3.0,9.6,4.29,6.667,20,63.08,112,2000,fcfs
TruthContinousSmallLogCopyModel_2000,19733.0,24.3,0.0,4.3,1300.0,1950,52.843,121,2000,fcfs
TruthContinousSmallLogCopyModel,0.0,0.0,0.0,4.3,0.0,0,53.893,121,2000,fcfs
CausalContinousSmallLogCopyModel,18.0,1.2,7.4,4.3,5.667,17,53.893,121,2000,fcfs
AverageOperationModel,-1.0,-3.9,11.8,4.3,7.667,23,49.893,121,2000,fcfs
LogNormalDistributionModel,-6.0,6.4,11.6,4.3,7.667,23,49.227,121,2000,fcfs
NormalDistributionModel,-6.0,5.3,12.0,4.3,8.0,24,50.56,121,2000,fcfs
HistoDistributionModel,12.0,8.7,14.8,4.3,8.667,26,55.227,121,2000,fcfs
TruthContinousSmallLogCopyModel_2000,19885.0,2.6,1.0,4.69,1300.0,1950,52.793,126,2000,fcfs
TruthContinousSmallLogCopyModel,0.0,0.0,0.0,4.69,0.0,0,58.28,126,2000,fcfs
CausalContinousSmallLogCopyModel,-22.0,-1.5,11.2,4.69,3.667,11,56.947,126,2000,fcfs
AverageOperationModel,-4.0,-8.1,11.9,4.69,7.0,21,55.613,126,2000,fcfs
LogNormalDistributionModel,4.0,9.3,22.3,4.69,8.0,24,52.947,126,2000,fcfs
NormalDistributionModel,22.0,-5.8,10.5,4.69,7.333,22,54.28,126,2000,fcfs
HistoDistributionModel,-14.0,12.1,17.5,4.69,10.333,31,56.947,126,2000,fcfs
TruthContinousSmallLogCopyModel_2000,19599.0,7.0,2.6,4.65,1300.0,1950,51.72,122,2000,fcfs
TruthContinousSmallLogCopyModel,0.0,0.0,0.0,4.65,0.0,0,47.11,122,2000,fcfs
CausalContinousSmallLogCopyModel,-17.0,0.1,4.2,4.65,3.0,9,48.443,122,2000,fcfs
AverageOperationModel,-12.0,-5.6,11.6,4.65,6.0,18,44.443,122,2000,fcfs
LogNormalDistributionModel,-32.0,18.2,34.4,4.65,8.333,25,47.11,122,2000,fcfs
NormalDistributionModel,-27.0,10.3,32.0,4.65,9.0,27,48.443,122,2000,fcfs
HistoDistributionModel,-62.0,7.2,16.2,4.65,6.667,20,47.11,122,2000,fcfs
TruthContinousSmallLogCopyModel_2000,19980.0,-0.9,1.7,4.46,1300.0,1950,52.14,116,2000,fcfs
TruthContinousSmallLogCopyModel,0.0,0.0,0.0,4.46,0.0,0,44.43,116,2000,fcfs
CausalContinousSmallLogCopyModel,-22.0,-0.3,10.0,4.46,5.0,15,42.43,116,2000,fcfs
AverageOperationModel,14.0,-7.7,8.8,4.46,3.667,11,43.763,116,2000,fcfs
LogNormalDistributionModel,4.0,21.5,19.0,4.46,7.333,22,43.763,116,2000,fcfs
NormalDistributionModel,36.0,-13.3,13.3,4.46,5.333,16,43.763,116,2000,fcfs
HistoDistributionModel,1.0,-10.4,11.5,4.46,6.667,20,43.763,116,2000,fcfs
TruthContinousSmallLogCopyModel_2000,19612.0,6.9,0.4,4.35,1300.0,1950,53.187,128,2000,fcfs
TruthContinousSmallLogCopyModel,0.0,0.0,0.0,4.35,0.0,0,54.11,128,2000,fcfs
CausalContinousSmallLogCopyModel,16.0,-0.6,15.2,4.35,3.0,9,54.11,128,2000,fcfs
AverageOperationModel,0.0,3.1,8.8,4.35,5.667,17,52.777,128,2000,fcfs
LogNormalDistributionModel,19.0,5.3,17.2,4.35,8.0,24,48.777,128,2000,fcfs
NormalDistributionModel,27.0,11.1,16.3,4.35,5.333,16,52.777,128,2000,fcfs
HistoDistributionModel,23.0,39.6,21.3,4.35,8.333,25,52.777,128,2000,fcfs
TruthContinousSmallLogCopyModel_2000,20017.0,9.7,0.0,4.8,1300.0,1950,51.173,115,2000,fcfs
TruthContinousSmallLogCopyModel,0.0,0.0,0.0,4.8,0.0,0,44.667,115,2000,fcfs
CausalContinousSmallLogCopyModel,22.0,1.6,12.7,4.8,4.333,13,43.333,115,2000,fcfs
AverageOperationModel,-2.0,-3.0,9.3,4.8,6.667,20,42.0,115,2000,fcfs
LogNormalDistributionModel,16.0,7.5,33.0,4.8,10.667,32,47.333,115,2000,fcfs
NormalDistributionModel,42.0,-2.8,40.6,4.8,10.0,30,39.333,115,2000,fcfs
HistoDistributionModel,70.0,-2.0,32.0,4.8,10.333,31,39.333,115,2000,fcfs
TruthContinousSmallLogCopyModel_2000,20416.0,3.7,0.1,4.88,1300.0,1950,51.653,117,2000,fcfs
TruthContinousSmallLogCopyModel,0.0,0.0,0.0,4.88,0.0,0,45.27,117,2000,fcfs
CausalContinousSmallLogCopyModel,-18.0,-5.6,7.4,4.88,5.333,16,49.27,117,2000,fcfs
AverageOperationModel,-4.0,-8.3,14.0,4.88,8.0,24,46.603,117,2000,fcfs
LogNormalDistributionModel,-5.0,-5.9,11.7,4.88,8.0,24,43.27,117,2000,fcfs
NormalDistributionModel,12.0,-0.6,15.6,4.88,8.0,24,43.27,117,2000,fcfs
HistoDistributionModel,1.0,3.1,26.6,4.88,10.333,31,46.603,117,2000,fcfs
TruthContinousSmallLogCopyModel_2000,19414.0,14.0,0.9,4.59,1300.0,1950,53.55,131,2000,fcfs
TruthContinousSmallLogCopyModel,0.0,0.0,0.0,4.59,0.0,0,48.667,131,2000,fcfs
CausalContinousSmallLogCopyModel,-11.0,2.4,14.6,4.59,6.333,19,43.333,131,2000,fcfs
AverageOperationModel,-5.0,-2.3,11.2,4.59,5.0,15,43.333,131,2000,fcfs
LogNormalDistributionModel,18.0,1.5,16.9,4.59,8.333,25,42.0,131,2000,fcfs
NormalDistributionModel,27.0,-1.7,15.4,4.59,8.0,24,44.667,131,2000,fcfs
HistoDistributionModel,-48.0,16.2,24.5,4.59,8.333,25,42.0,131,2000,fcfs
TruthContinousSmallLogCopyModel_2000,19647.0,12.4,1.4,4.54,1300.0,1950,52.507,130,2000,fcfs
TruthContinousSmallLogCopyModel,0.0,0.0,0.0,4.54,0.0,0,50.967,130,2000,fcfs
CausalContinousSmallLogCopyModel,-9.0,0.1,9.7,4.54,4.667,14,52.3,130,2000,fcfs
AverageOperationModel,6.0,-5.1,9.0,4.54,6.0,18,49.633,130,2000,fcfs
LogNormalDistributionModel,-21.0,-0.2,21.2,4.54,8.0,24,49.633,130,2000,fcfs
NormalDistributionModel,2.0,26.9,19.0,4.54,6.667,20,49.633,130,2000,fcfs
HistoDistributionModel,28.0,1.5,20.5,4.54,6.667,20,49.633,130,2000,fcfs
TruthContinousSmallLogCopyModel_2000,19814.0,13.5,1.7,4.99,1300.0,1950,52.403,132,2000,fcfs
TruthContinousSmallLogCopyModel,0.0,0.0,0.0,4.99,0.0,0,43.173,132,2000,fcfs
CausalContinousSmallLogCopyModel,26.0,-1.4,11.1,4.99,3.667,11,43.173,132,2000,fcfs
AverageOperationModel,9.0,-2.8,8.2,4.99,4.0,12,39.84,132,2000,fcfs
LogNormalDistributionModel,44.0,0.8,17.6,4.99,8.0,24,39.84,132,2000,fcfs
NormalDistributionModel,38.0,1.9,28.3,4.99,7.667,23,40.507,132,2000,fcfs
HistoDistributionModel,19.0,7.5,17.9,4.99,4.667,14,39.84,132,2000,fcfs
TruthContinousSmallLogCopyModel_2000,19360.0,28.3,3.2,4.69,1300.0,1950,52.11,138,2000,fcfs
TruthContinousSmallLogCopyModel,0.0,0.0,0.0,4.69,0.0,0,53.103,138,2000,fcfs
CausalContinousSmallLogCopyModel,-24.0,1.9,12.0,4.69,4.0,12,51.77,138,2000,fcfs
AverageOperationModel,-5.0,-2.2,14.8,4.69,4.0,12,51.77,138,2000,fcfs
LogNormalDistributionModel,-3.0,0.1,15.2,4.69,6.667,20,49.77,138,2000,fcfs
NormalDistributionModel,48.0,-0.6,25.9,4.69,4.333,13,49.77,138,2000,fcfs
HistoDistributionModel,9.0,0.0,26.3,4.69,5.667,17,53.103,138,2000,fcfs
TruthContinousSmallLogCopyModel_2000,19358.0,18.0,0.5,4.53,1300.0,1950,52.26,134,2000,fcfs
TruthContinousSmallLogCopyModel,0.0,0.0,0.0,4.53,0.0,0,45.333,134,2000,fcfs
CausalContinousSmallLogCopyModel,-9.0,4.4,7.0,4.53,6.667,20,44.0,134,2000,fcfs
AverageOperationModel,-8.0,-3.6,11.6,4.53,7.667,23,44.667,134,2000,fcfs
LogNormalDistributionModel,-7.0,2.4,23.1,4.53,8.667,26,42.667,134,2000,fcfs
NormalDistributionModel,-19.0,-2.4,13.0,4.53,6.0,18,44.0,134,2000,fcfs
HistoDistributionModel,13.0,3.7,20.8,4.53,8.0,24,43.333,134,2000,fcfs
TruthContinousSmallLogCopyModel_2000,20075.0,4.5,0.1,4.83,1300.0,1950,52.57,123,2000,fcfs
TruthContinousSmallLogCopyModel,0.0,0.0,0.0,4.83,0.0,0,48.0,123,2000,fcfs
CausalContinousSmallLogCopyModel,4.0,-1.3,4.6,4.83,3.667,11,46.0,123,2000,fcfs
AverageOperationModel,-5.0,-8.7,11.9,4.83,9.0,27,44.667,123,2000,fcfs
LogNormalDistributionModel,2.0,-5.5,15.6,4.83,7.0,21,45.333,123,2000,fcfs
NormalDistributionModel,-8.0,-1.9,11.0,4.83,4.0,12,46.667,123,2000,fcfs
HistoDistributionModel,29.0,-1.9,29.5,4.83,10.0,30,43.333,123,2000,fcfs
TruthContinousSmallLogCopyModel_2000,20153.0,3.7,0.3,4.78,1300.0,1950,51.117,124,2000,fcfs
TruthContinousSmallLogCopyModel,0.0,0.0,0.0,4.78,0.0,0,48.97,124,2000,fcfs
CausalContinousSmallLogCopyModel,-18.0,-0.2,14.6,4.78,5.333,16,46.97,124,2000,fcfs
AverageOperationModel,-11.0,-5.3,12.2,4.78,3.667,11,46.303,124,2000,fcfs
LogNormalDistributionModel,-24.0,0.6,40.4,4.78,7.0,21,48.303,124,2000,fcfs
NormalDistributionModel,-29.0,21.4,31.0,4.78,7.333,22,47.637,124,2000,fcfs
HistoDistributionModel,-55.0,1.8,16.4,4.78,7.667,23,50.303,124,2000,fcfs
TruthContinousSmallLogCopyModel_2000,19363.0,5.1,0.0,4.68,1300.0,1950,54.063,137,2000,fcfs
TruthContinousSmallLogCopyModel,0.0,0.0,0.0,4.68,0.0,0,42.39,137,2000,fcfs
CausalContinousSmallLogCopyModel,-10.0,-2.9,12.0,4.68,8.667,26,40.39,137,2000,fcfs
AverageOperationModel,-8.0,-6.0,15.8,4.68,9.0,27,39.723,137,2000,fcfs
LogNormalDistributionModel,13.0,30.8,26.8,4.68,9.667,29,41.057,137,2000,fcfs
NormalDistributionModel,10.0,-3.9,15.0,4.68,6.333,19,38.39,137,2000,fcfs
HistoDistributionModel,13.0,-3.2,23.2,4.68,6.333,19,40.39,137,2000,fcfs
TruthContinousSmallLogCopyModel_2000,19813.0,3.4,0.3,4.49,1300.0,1950,51.837,139,2000,fcfs
TruthContinousSmallLogCopyModel,0.0,0.0,0.0,4.49,0.0,0,43.333,139,2000,fcfs
CausalContinousSmallLogCopyModel,-19.0,-5.1,9.4,4.49,6.333,19,43.333,139,2000,fcfs
AverageOperationModel,-8.0,-7.7,8.2,4.49,3.667,11,42.0,139,2000,fcfs
LogNormalDistributionModel,65.0,-0.8,34.2,4.49,10.333,31,39.333,139,2000,fcfs
NormalDistributionModel,8.0,-7.3,7.6,4.49,5.333,16,40.667,139,2000,fcfs
HistoDistributionModel,-26.0,-2.7,33.6,4.49,9.333,28,39.333,139,2000,fcfs
TruthContinousSmallLogCopyModel_2000,20040.0,32.7,0.4,4.58,1300.0,1950,51.877,133,2000,fcfs
TruthContinousSmallLogCopyModel,0.0,0.0,0.0,4.58,0.0,0,50.327,133,2000,fcfs
CausalContinousSmallLogCopyModel,-4.0,5.0,9.1,4.58,4.667,14,50.327,133,2000,fcfs
AverageOperationModel,-10.0,-4.4,6.6,4.58,4.333,13,46.327,133,2000,fcfs
LogNormalDistributionModel,16.0,1.0,29.2,4.58,7.667,23,46.327,133,2000,fcfs
NormalDistributionModel,-32.0,-0.1,16.4,4.58,6.333,19,48.993,133,2000,fcfs
HistoDistributionModel,40.0,-0.8,13.9,4.58,7.667,23,44.993,133,2000,fcfs
TruthContinousSmallLogCopyModel_2000,20014.0,12.4,0.4,4.18,1300.0,1950,50.473,125,2000,fcfs
TruthContinousSmallLogCopyModel,0.0,0.0,0.0,4.18,0.0,0,50.87,125,2000,fcfs
CausalContinousSmallLogCopyModel,-13.0,8.9,7.8,4.18,4.0,12,49.537,125,2000,fcfs
AverageOperationModel,0.0,-3.7,8.0,4.18,6.333,19,49.537,125,2000,fcfs
LogNormalDistributionModel,0.0,8.0,11.2,4.18,8.0,24,52.203,125,2000,fcfs
NormalDistributionModel,2.0,-0.4,14.8,4.18,9.0,27,49.537,125,2000,fcfs
HistoDistributionModel,36.0,2.3,24.6,4.18,9.667,29,48.203,125,2000,fcfs
TruthContinousSmallLogCopyModel_2000,20169.0,8.8,1.3,4.41,1300.0,1950,52.817,136,2000,fcfs
TruthContinousSmallLogCopyModel,0.0,0.0,0.0,4.41,0.0,0,59.613,136,2000,fcfs
CausalContinousSmallLogCopyModel,-57.0,0.3,20.9,4.41,8.667,26,60.947,136,2000,fcfs
AverageOperationModel,3.0,-4.1,6.8,4.41,4.333,13,56.947,136,2000,fcfs
LogNormalDistributionModel,-46.0,15.1,18.4,4.41,7.333,22,56.947,136,2000,fcfs
NormalDistributionModel,-43.0,0.0,14.6,4.41,7.0,21,54.28,136,2000,fcfs
HistoDistributionModel,32.0,-3.1,22.9,4.41,9.0,27,55.613,136,2000,fcfs
TruthContinousSmallLogCopyModel_2000,20028.0,-1.4,1.5,4.69,1300.0,1950,53.353,135,2000,fcfs
TruthContinousSmallLogCopyModel,0.0,0.0,0.0,4.69,0.0,0,57.41,135,2000,fcfs
CausalContinousSmallLogCopyModel,18.0,-5.6,5.0,4.69,1.667,5,58.743,135,2000,fcfs
AverageOperationModel,4.0,-14.0,9.7,4.69,3.333,10,58.743,135,2000,fcfs
LogNormalDistributionModel,67.0,-9.8,17.7,4.69,6.0,18,54.743,135,2000,fcfs
NormalDistributionModel,20.0,32.3,23.2,4.69,8.333,25,57.41,135,2000,fcfs
HistoDistributionModel,56.0,-13.4,31.9,4.69,9.0,27,56.077,135,2000,fcfs
TruthContinousSmallLogCopyModel_2000,20100.0,-6.9,0.7,4.59,1300.0,1950,51.827,140,2000,fcfs
TruthContinousSmallLogCopyModel,0.0,0.0,0.0,4.59,0.0,0,51.243,140,2000,fcfs
CausalContinousSmallLogCopyModel,-17.0,-14.2,9.8,4.59,7.667,23,51.243,140,2000,fcfs
AverageOperationModel,5.0,-13.4,16.1,4.59,6.333,19,52.577,140,2000,fcfs
LogNormalDistributionModel,4.0,-10.9,15.6,4.59,6.0,18,47.243,140,2000,fcfs
NormalDistributionModel,48.0,18.9,32.9,4.59,8.0,24,55.243,140,2000,fcfs
HistoDistributionModel,21.0,11.4,17.5,4.59,7.0,21,53.91,140,2000,fcfs
TruthContinousSmallLogCopyModel_2000,19566.0,10.1,0.4,4.94,1300.0,1950,52.817,142,2000,fcfs
TruthContinousSmallLogCopyModel,0.0,0.0,0.0,4.94,0.0,0,42.667,142,2000,fcfs
CausalContinousSmallLogCopyModel,-12.0,-2.4,7.0,4.94,5.333,16,42.667,142,2000,fcfs
AverageOperationModel,2.0,-2.6,12.6,4.94,7.667,23,40.0,142,2000,fcfs
LogNormalDistributionModel,105.0,0.7,66.4,4.94,12.333,37,36.667,142,2000,fcfs
NormalDistributionModel,3.0,-2.4,11.6,4.94,6.0,18,41.333,142,2000,fcfs
HistoDistributionModel,-12.0,-3.9,20.6,4.94,9.0,27,41.333,142,2000,fcfs
TruthContinousSmallLogCopyModel_2000,19410.0,2.6,0.6,4.28,1300.0,1950,52.91,144,2000,fcfs
TruthContinousSmallLogCopyModel,0.0,0.0,0.0,4.28,0.0,0,47.6,144,2000,fcfs
CausalContinousSmallLogCopyModel,-15.0,2.5,5.9,4.28,4.667,14,47.6,144,2000,fcfs
AverageOperationModel,-13.0,-6.9,7.8,4.28,5.333,16,44.933,144,2000,fcfs
LogNormalDistributionModel,-25.0,32.5,22.1,4.28,6.333,19,43.6,144,2000,fcfs
NormalDistributionModel,-16.0,2.8,9.4,4.28,5.333,16,44.933,144,2000,fcfs
HistoDistributionModel,-4.0,9.6,12.1,4.28,7.667,23,47.6,144,2000,fcfs
TruthContinousSmallLogCopyModel_2000,19649.0,22.7,0.1,4.45,1300.0,1950,52.313,141,2000,fcfs
TruthContinousSmallLogCopyModel,0.0,0.0,0.0,4.45,0.0,0,48.0,141,2000,fcfs
CausalContinousSmallLogCopyModel,-15.0,1.8,11.3,4.45,4.333,13,48.667,141,2000,fcfs
AverageOperationModel,-9.0,-3.0,10.6,4.45,7.333,22,46.0,141,2000,fcfs
LogNormalDistributionModel,5.0,18.9,15.3,4.45,4.0,12,44.667,141,2000,fcfs
NormalDistributionModel,2.0,7.4,15.8,4.45,8.0,24,48.667,141,2000,fcfs
HistoDistributionModel,71.0,1.3,39.0,4.45,7.0,21,47.333,141,2000,fcfs
TruthContinousSmallLogCopyModel_2000,19378.0,13.9,0.0,4.79,1300.0,1950,53.567,150,2000,fcfs
TruthContinousSmallLogCopyModel,0.0,0.0,0.0,4.79,0.0,0,54.727,150,2000,fcfs
CausalContinousSmallLogCopyModel,24.0,15.0,12.8,4.79,7.0,21,53.393,150,2000,fcfs
AverageOperationModel,-20.0,-5.2,10.6,4.79,5.0,15,53.393,150,2000,fcfs
LogNormalDistributionModel,9.0,-6.1,14.1,4.79,9.667,29,54.727,150,2000,fcfs
NormalDistributionModel,20.0,19.7,18.5,4.79,10.667,32,57.393,150,2000,fcfs
HistoDistributionModel,29.0,-3.4,18.4,4.79,8.333,25,53.393,150,2000,fcfs
TruthContinousSmallLogCopyModel_2000,19732.0,-4.9,1.0,4.6,1300.0,1950,53.317,145,2000,fcfs
TruthContinousSmallLogCopyModel,0.0,0.0,0.0,4.6,0.0,0,42.82,145,2000,fcfs
CausalContinousSmallLogCopyModel,-9.0,2.2,10.8,4.6,5.667,17,44.153,145,2000,fcfs
AverageOperationModel,1.0,-3.1,8.0,4.6,3.0,9,41.487,145,2000,fcfs
LogNormalDistributionModel,10.0,9.6,13.8,4.6,6.333,19,41.487,145,2000,fcfs
NormalDistributionModel,37.0,30.1,20.6,4.6,8.333,25,42.82,145,2000,fcfs
HistoDistributionModel,16.0,12.7,17.9,4.6,9.667,29,44.153,145,2000,fcfs
TruthContinousSmallLogCopyModel_2000,19318.0,23.2,0.1,4.37,1300.0,1950,54.257,149,2000,fcfs
TruthContinousSmallLogCopyModel,0.0,0.0,0.0,4.37,0.0,0,49.333,149,2000,fcfs
CausalContinousSmallLogCopyModel,3.0,-1.2,5.9,4.37,6.333,19,51.333,149,2000,fcfs
AverageOperationModel,-4.0,-4.0,17.5,4.37,9.667,29,50.667,149,2000,fcfs
LogNormalDistributionModel,23.0,-0.9,31.8,4.37,10.333,31,49.333,149,2000,fcfs
NormalDistributionModel,-8.0,1.7,13.2,4.37,9.0,27,45.333,149,2000,fcfs
HistoDistributionModel,27.0,-0.8,22.1,4.37,6.333,19,48.667,149,2000,fcfs
TruthContinousSmallLogCopyModel_2000,19772.0,21.3,0.7,4.97,1300.0,1950,52.49,148,2000,fcfs
TruthContinousSmallLogCopyModel,0.0,0.0,0.0,4.97,0.0,0,56.363,148,2000,fcfs
CausalContinousSmallLogCopyModel,19.0,-0.1,15.2,4.97,8.667,26,53.697,148,2000,fcfs
AverageOperationModel,-8.0,-4.8,8.8,4.97,4.333,13,52.363,148,2000,fcfs
LogNormalDistributionModel,-10.0,-0.9,17.4,4.97,8.333,25,49.697,148,2000,fcfs
NormalDistributionModel,60.0,0.3,31.6,4.97,9.333,28,55.03,148,2000,fcfs
HistoDistributionModel,-40.0,-5.7,13.4,4.97,8.667,26,52.363,148,2000,fcfs
TruthContinousSmallLogCopyModel_2000,19744.0,-4.8,0.8,4.72,1300.0,1950,52.453,146,2000,fcfs
TruthContinousSmallLogCopyModel,0.0,0.0,0.0,4.72,0.0,0,59.087,146,2000,fcfs
CausalContinousSmallLogCopyModel,8.0,-5.7,6.0,4.72,4.667,14,59.087,146,2000,fcfs
AverageOperationModel,-5.0,-9.6,12.5,4.72,8.667,26,56.42,146,2000,fcfs
LogNormalDistributionModel,50.0,-15.5,19.2,4.72,6.0,18,59.087,146,2000,fcfs
NormalDistributionModel,-12.0,8.4,33.9,4.72,9.667,29,56.42,146,2000,fcfs
HistoDistributionModel,11.0,-0.2,17.8,4.72,9.0,27,55.087,146,2000,fcfs
TruthContinousSmallLogCopyModel_2000,19912.0,13.4,0.3,4.84,1300.0,1950,52.09,143,2000,fcfs
TruthContinousSmallLogCopyModel,0.0,0.0,0.0,4.84,0.0,0,47.74,143,2000,fcfs
CausalContinousSmallLogCopyModel,-4.0,1.2,7.0,4.84,4.333,13,47.74,143,2000,fcfs
AverageOperationModel,9.0,-3.0,9.2,4.84,7.0,21,43.74,143,2000,fcfs
LogNormalDistributionModel,-11.0,-1.0,35.6,4.84,11.0,33,45.073,143,2000,fcfs
NormalDistributionModel,-1.0,2.2,19.2,4.84,8.667,26,46.407,143,2000,fcfs
HistoDistributionModel,44.0,-1.2,24.1,4.84,6.0,18,46.407,143,2000,fcfs
TruthContinousSmallLogCopyModel_2000,20328.0,6.7,0.0,4.2,1300.0,1950,52.857,147,2000,fcfs
TruthContinousSmallLogCopyModel,0.0,0.0,0.0,4.2,0.0,0,54.0,147,2000,fcfs
CausalContinousSmallLogCopyModel,-13.0,-4.2,10.4,4.2,3.667,11,54.0,147,2000,fcfs
AverageOperationModel,4.0,-7.2,6.6,4.2,3.333,10,51.333,147,2000,fcfs
LogNormalDistributionModel,-8.0,-3.6,18.3,4.2,10.0,30,52.0,147,2000,fcfs
NormalDistributionModel,7.0,5.5,11.7,4.2,8.333,25,52.667,147,2000,fcfs
HistoDistributionModel,8.0,0.5,20.7,4.2,9.333,28,48.667,147,2000,fcfs
TruthContinousSmallLogCopyModel_2000,20018.0,12.7,0.2,4.59,1300.0,1950,51.86,151,2000,fcfs
TruthContinousSmallLogCopyModel,0.0,0.0,0.0,4.59,0.0,0,50.097,151,2000,fcfs
CausalContinousSmallLogCopyModel,-31.0,0.3,9.9,4.59,8.333,25,49.43,151,2000,fcfs
AverageOperationModel,-11.0,-1.5,8.0,4.59,5.0,15,47.43,151,2000,fcfs
LogNormalDistributionModel,34.0,2.0,27.2,4.59,8.667,26,44.097,151,2000,fcfs
NormalDistributionModel,17.0,14.9,26.7,4.59,8.0,24,46.763,151,2000,fcfs
HistoDistributionModel,-31.0,0.7,19.9,4.59,9.667,29,46.763,151,2000,fcfs
